<mod>
	<hooks script_path="Hooks/">
		<!--<post script_path="Base.lua" hook_id="lib/managers/localizationmanager"/> -->

		<group hook_id="lib/managers/" script_path="">
			<post :hook_id="hudmanagerpd2" :script_path="hud.lua"/>
			<post :hook_id="hud/hudheisttimer" :script_path="timer.lua"/>
			<post :hook_id="menumanager" :script_path="restart_timer.lua"/>
			<post :hook_id="menu/stageendscreengui" :script_path="crew_stats_focus.lua"/>
		</group>
		
		<group hook_id="lib/managers/" script_path="">
			<post :hook_id="menumanager" :script_path="Profile/profile_setup.lua"/>
			<post :hook_id="multiprofilemanager" :script_path="Profile/profile_manager.lua"/>
			<post :hook_id="menu/multiprofileitemgui" :script_path="Profile/profile_itemgui.lua"/>
		</group>
		
		<group hook_id="lib/tweak_data/" script_path="">
			<post :hook_id="moneytweakdata" :script_path="Profile/moneytweakdata.lua"/>
			<post :hook_id="skilltreetweakdata" :script_path="Profile/skilltreetweakdata.lua"/>
		</group>
		
		<post hook_id="lib/states/ingamewaitingforplayers" script_path="auto_skip_intro.lua"/>	
		<!--<tweak definition="" /> -->
	</hooks>
</mod>
